INSERT INTO sessions (session_uuid, session_id,session_name,session_length,session_description)
VALUES (uuid_generate_v4(), 1,'Keynote - The Golden Age of Software',45,''),
       (uuid_generate_v4(), 2,'A Better Way to Access Data with Spring Data',60,''),
       (uuid_generate_v4(), 3,'A Deep Dive Into Spring IoC',60,''),
       (uuid_generate_v4(), 4,'Building RESTful APIs with Spring Data Rest',60,''),
       (uuid_generate_v4(), 5,'Spring Integration Quick Start',60,''),
       (uuid_generate_v4(), 6,'Building Microservices with Spring',60,''),
       (uuid_generate_v4(), 7,'Spring Cloud Primer',60,''),
       (uuid_generate_v4(), 8,'Spring Boot in 30 Minutes',30,''),
       (uuid_generate_v4(), 9,'Testing Spring Applications',30,''),
       (uuid_generate_v4(), 10,'Writing Your First Advice with Spring AOP',30,''),
       (uuid_generate_v4(), 11,'IntelliJ IDEA Tips and Tricks',30,''),
       (uuid_generate_v4(), 12,'Functional Programming in Java',60,''),
       (uuid_generate_v4(), 13,'Making the Switch from Java to Kotlin',60,''),
       (uuid_generate_v4(), 14,'Mastering Concurrency in Java',60,''),
       (uuid_generate_v4(), 15,'Mastering Object-Orientated Programming in Java',60,''),
       (uuid_generate_v4(), 16,'SOLID Principles in Java',60,''),
       (uuid_generate_v4(), 17,'The Most Important Java Design Patterns',60,''),
       (uuid_generate_v4(), 18,'Using EasyMock for Java Testing',30,''),
       (uuid_generate_v4(), 19,'IntelliJ IDEA Debugging Secrets',30,''),
       (uuid_generate_v4(), 20,'Getting Started with Java Flight Recorder',30,''),
       (uuid_generate_v4(), 21,'Clean Code Principls for Java Developers',30,''),
       (uuid_generate_v4(), 22,'Designing Large Scale ASP.NET Core Applications',60,''),
       (uuid_generate_v4(), 23,'Application Security in ASP.NET Core Apps',60,''),
       (uuid_generate_v4(), 24,'.NET''s HttpClient: The Missing Manual',60,''),
       (uuid_generate_v4(), 25,'Using Vue.js in ASP.NET and ASP.NET Core Applications',60,''),
       (uuid_generate_v4(), 27,'Modern Desktop Applications in .NET',60,''),
       (uuid_generate_v4(), 28,'SignalR Quickstart',30,''),
       (uuid_generate_v4(), 29,'Visual Studio Tips and Tricks',30,''),
       (uuid_generate_v4(), 30,'Logging in ASP.NET Core',30,''),
       (uuid_generate_v4(), 31,'A Quick Tour of MiniProfiler',30,''),
       (uuid_generate_v4(), 32,'Demystifying Dependency Injection in .NET',60,''),
       (uuid_generate_v4(), 26,'Clean Code Practices in C#',60,''),
       (uuid_generate_v4(), 33,'Microservices Architectures using ASP.NET Core',60,''),
       (uuid_generate_v4(), 34,'Advanced Techniques in Entity Framework Core',60,''),
       (uuid_generate_v4(), 35,'C# Language Features You May Not Know About',60,''),
       (uuid_generate_v4(), 36,'Asynchronous Programming in .NET',60,''),
       (uuid_generate_v4(), 37,'Advanced Entity Framework Core',60,''),
       (uuid_generate_v4(), 38,'A lap around the .NET Command Line Interface (CLI)',30,''),
       (uuid_generate_v4(), 39,'Deploying .NET Apps with Azure DevOps',30,''),
       (uuid_generate_v4(), 40,'Code Analysis for .NET Projects',30,''),
       (uuid_generate_v4(), 41,'Better Logging with Serilog',30,''),
       (uuid_generate_v4(), 42,'Deploying Web Applications to Azure',60,''),
       (uuid_generate_v4(), 43,'Getting Started with Azure Cognitive Services',60,''),
       (uuid_generate_v4(), 44,'Building Microservices with Azure Functions',60,''),
       (uuid_generate_v4(), 45,'Big Data and Analytics on the Azure Platform',60,''),
       (uuid_generate_v4(), 46,'Getting Started with CosmosDB',60,''),
       (uuid_generate_v4(), 47,'Securing Azure Services',60,''),
       (uuid_generate_v4(), 48,'Azure Event Grid Quickstart',30,''),
       (uuid_generate_v4(), 49,'Managing Azure with the Azure CLI',30,''),
       (uuid_generate_v4(), 50,'Migrating to Azure SQL',30,''),
       (uuid_generate_v4(), 51,'Understanding the Azure Blockchain Service',30,''),
       (uuid_generate_v4(), 62,'Building Hybrid Cloud Architectures in AWS',60,''),
       (uuid_generate_v4(), 63,'Migrating On-Premises Applications to AWS',60,''),
       (uuid_generate_v4(), 64,'IOT Solutions Using AWS',60,''),
       (uuid_generate_v4(), 65,'Getting Startedd with Machine Learning in AWS',60,''),
       (uuid_generate_v4(), 66,'DevOps on the AWS Platform',60,''),
       (uuid_generate_v4(), 67,'Serverless Computing on AWS',60,''),
       (uuid_generate_v4(), 68,'Amazon DynamoDB Quickstart',30,''),
       (uuid_generate_v4(), 69,'Understanding the Amazon Elastic Kubernetes Service',30,''),
       (uuid_generate_v4(), 70,'Creating Your First Data Lake in AWS',30,''),
       (uuid_generate_v4(), 71,'Migrating to Amazon Aurora',30,''),
       (uuid_generate_v4(), 82,'How Agile Are You Really?',60,''),
       (uuid_generate_v4(), 83,'Better Retrospectives',60,''),
       (uuid_generate_v4(), 84,'Developer to Leader',60,''),
       (uuid_generate_v4(), 85,'Selling Your Ideas to Leadership: A Guide for Technology Professionals',60,''),
       (uuid_generate_v4(), 86,'Creating a Culture of Learning',60,''),
       (uuid_generate_v4(), 87,'The Seven Habits of Highly Effective Developers',60,''),
       (uuid_generate_v4(), 88,'Writing Better User Stories',30,''),
       (uuid_generate_v4(), 89,'Techniques for Better Estimates',30,''),
       (uuid_generate_v4(), 90,'Communication Skills for the Technology Professional',30,''),
       (uuid_generate_v4(), 91,'Personal Kanban',30,'');

INSERT INTO session_schedule (time_slot_id,session_id,room)
VALUES (1,1,'Grand Ballroom'),
       (2,2,'Cedar'),
       (4,3,'Cedar'),
       (5,4,'Cedar'),
       (7,5,'Cedar'),
       (8,6,'Cedar'),
       (11,7,'Cedar'),
       (3,8,'Cedar'),
       (6,9,'Cedar'),
       (9,10,'Cedar'),
       (10,11,'Cedar'),
       (2,12,'Cherry'),
       (4,13,'Cherry'),
       (5,14,'Cherry'),
       (7,15,'Cherry'),
       (8,16,'Cherry'),
       (11,17,'Cherry'),
       (3,18,'Cherry'),
       (6,19,'Cherry'),
       (9,20,'Cherry'),
       (10,21,'Cherry'),
       (2,22,'Maple'),
       (4,23,'Maple'),
       (5,24,'Maple'),
       (7,25,'Maple'),
       (8,26,'Maple'),
       (11,27,'Maple'),
       (3,28,'Maple'),
       (6,29,'Maple'),
       (9,30,'Maple'),
       (10,31,'Maple'),
       (2,32,'Aspen'),
       (4,33,'Aspen'),
       (5,34,'Aspen'),
       (7,35,'Aspen'),
       (8,36,'Aspen'),
       (11,37,'Aspen'),
       (3,38,'Aspen'),
       (6,39,'Aspen'),
       (9,40,'Aspen'),
       (10,41,'Aspen'),
       (2,42,'Hickory'),
       (4,43,'Hickory'),
       (5,44,'Hickory'),
       (7,45,'Hickory'),
       (8,46,'Hickory'),
       (11,47,'Hickory'),
       (3,48,'Hickory'),
       (6,49,'Hickory'),
       (9,50,'Hickory'),
       (10,51,'Hickory'),
       (2,62,'Cottonwood'),
       (4,63,'Cottonwood'),
       (5,64,'Cottonwood'),
       (7,65,'Cottonwood'),
       (8,66,'Cottonwood'),
       (11,67,'Cottonwood'),
       (3,68,'Cottonwood'),
       (6,69,'Cottonwood'),
       (9,70,'Cottonwood'),
       (10,71,'Cottonwood'),
       (2,82,'Sycamore'),
       (4,83,'Sycamore'),
       (5,84,'Sycamore'),
       (7,85,'Sycamore'),
       (8,86,'Sycamore'),
       (11,87,'Sycamore'),
       (3,88,'Sycamore'),
       (6,89,'Sycamore'),
       (9,90,'Sycamore'),
       (10,91,'Sycamore');

INSERT INTO session_speakers (session_id,speaker_id)
VALUES (1,40),
       (2,4),
       (3,5),
       (4,1),
       (5,15),
       (6,20),
       (7,21),
       (8,1),
       (9,4),
       (10,20),
       (11,5),
       (12,7),
       (13,23),
       (14,24),
       (15,22),
       (16,21),
       (17,22),
       (18,23),
       (19,7),
       (20,24),
       (21,15),
       (22,2),
       (23,3),
       (24,19),
       (25,25),
       (26,26),
       (27,27),
       (28,25),
       (29,9),
       (30,27),
       (31,16),
       (32,9),
       (33,16),
       (34,28),
       (35,29),
       (36,26),
       (37,28),
       (38,19),
       (39,3),
       (40,2),
       (41,29),
       (42,13),
       (43,30),
       (44,32),
       (45,31),
       (46,8),
       (47,31),
       (48,32),
       (49,13),
       (50,8),
       (51,30),
       (62,34),
       (63,39),
       (64,38),
       (65,33),
       (66,34),
       (67,38),
       (68,33),
       (69,39),
       (70,33),
       (71,33),
       (82,37),
       (83,17),
       (84,17),
       (85,14),
       (86,36),
       (87,35),
       (88,36),
       (89,37),
       (90,14),
       (91,35);

select setval('sessions_session_id_seq',COALESCE((select max(session_id) + 1 from sessions), 1));
select setval('session_schedule_id_seq',COALESCE((select max(id) + 1 from session_schedule), 1));
select setval('session_speakers_id_seq',COALESCE((select max(id) + 1 from session_speakers), 1));
select setval('session_tags_id_seq',COALESCE((select max(id) + 1 from session_tags), 1));